Unnamed: 0,member,XP,memberID,level
,El Chapo#9602,0,685093142261006342,1
,nezuko#7368,1970,577140178791956500,1
,fwiz#6999,1750,247292930346319872,1
,R. Danny#6348,180,80528701850124288,0
,fraz#6840,20,406634590325964801,0
,Tortoise#3078,550,604230021594480650,0
,ɦօռɛʏքօօք#0099,40,580040383883378710,0
,Eloni#0003,20,672256031946047528,0
,A.#7658,240,266885361605672960,0
,Xaηdεя#0614,460,325137075051560962,0
,acekandish#9228,40,468817998975598592,0
,cappe987#6820,320,156852625231314944,0
,BrainDead#6105,330,197918569894379520,0
,Pluriscient#2451,70,131474815298174976,0
,ahmetlehat#3418,10,693488269198884937,0
,Factsforlivin YT#3918,80,231631699337805826,0
,aullikanr#7191,200,541514507009392691,0
,! andrew#8159,40,466861191931756544,0
,Asyrmos Lorier#7981,430,711950283525062716,0
,jolly_jokester#1327,1580,612349409736392928,1
,welkenburg#5008,60,545176988906946561,0
,Weeb#9696,0,424925698801795082,1
,Asyrmos#7981,430,711950283525062716,0
,TheDogPerson#0614,0,325137075051560962,1
,유키#0656,160,475046727141949468,0
,I aM bRoKe#6533,130,544982541694795796,0
,sheela07#9462,10,712023573958492178,0
,Krunal#2100,0,356105865658630144,1
,Jonathan.K#3340,0,507135604430077953,1
,ritsu#7368,1970,577140178791956500,1
,ٴٴٴٴٴٴٴٴٴٴ#1692,10,703504493341311419,0
,Plaze#0448,0,435987025645010944,1
,ʄօօɢɛʟɖօօʟɛ#0099,40,580040383883378710,0
,hematogender#3050,30,586891200074874899,0
,Christo#9916,70,147049615277948928,0
,Crambor#4137,0,212241077695021056,1
,Gauch0 '#6062,0,346210995997376512,1
,Eltro#4304,0,156977418970595328,1
,Uzumaki#2924,0,597832151286677515,1
,Kluczmen#4135,100,290525933297991691,0
